X,Y,OBJECTID,UNITID,NAME,STREET,CITY,STATE,ZIP,STFIP,CNTY,NMCNTY,LOCALE,LAT,LON,CBSA,NMCBSA,CBSATYPE,CSA,NMCSA,CD,SLDL,SLDU,SCHOOLYEAR,school,2023_conference,2024_conference,nil_value,metric_1,metric_2,metric_3
-87.545978,33.211875,7,100751,The University of Alabama,739 University Blvd,Tuscaloosa,AL,35487-0100,1,1125,Tuscaloosa County,12,33.211875,-87.545978,46220,"Tuscaloosa, AL",1,N,N,107,1063,1021,2023-2024,Alabama,SEC,SEC,15995406,97324316,44211016,53113300
-86.799345,33.505697,2,100663,University of Alabama at Birmingham,Administration Bldg Suite 1070,Birmingham,AL,35294-0110,1,1073,Jefferson County,12,33.505697,-86.799345,13820,"Birmingham, AL",1,142,"Birmingham-Cullman-Talladega, AL",107,1055,1018,2023-2024,Alabama at Birmingham,AAC,AAC,1240957,7550624,2306791,5243833
-91.142854,31.877216,1869,175342,Alcorn State University,1000 ASU Dr Ste 359,Alcorn State,MS,39096-7500,28,28021,Claiborne County,43,31.877216,-91.142854,N,N,0,N,N,2802,28085,28037,2023-2024,Alcorn State University,SWAC,SWAC,36786,223822,223822,
-81.680583,36.215536,2556,197869,Appalachian State University,287 Rivers St,Boone,NC,28608,37,37189,Watauga County,32,36.215536,-81.680583,14380,"Boone, NC",2,N,N,3705,37093,37047,2023-2024,Appalachian State,Sun Belt,Sun Belt,1925394,11715090,5407791,6307299
-110.950815,32.232672,94,104179,University of Arizona,1401 E University Blvd,Tucson,AZ,85721-0066,4,4019,Pima County,11,32.232672,-110.950815,46060,"Tucson, AZ",1,536,"Tucson-Nogales, AZ",407,4020,4020,2023-2024,Arizona,Pac-12,Big 12,6414683,39030243,19164426,19865817
-111.934383,33.417721,78,104151,Arizona State University Campus Immersion,University Drive and Mill Avenue,Tempe,AZ,85287,4,4013,Maricopa County,12,33.417721,-111.934383,38060,"Phoenix-Mesa-Chandler, AZ",1,429,"Phoenix-Mesa, AZ",404,4008,4008,2023-2024,Arizona State,Pac-12,Big 12,5689877,34620152,14144182,20475970
-94.176981,36.070009,135,106397,University of Arkansas,"1125 W Maple St, Administration Bldg 425",Fayetteville,AR,72701,5,5143,Washington County,13,36.070009,-94.176981,22220,"Fayetteville-Springdale-Rogers, AR",1,N,N,503,5022,5030,2023-2024,Arkansas,SEC,SEC,11544039,70239900,48073959,22165941
-90.679988,35.842388,138,106458,Arkansas State University,"2105 East, Aggie Road",Jonesboro,AR,72401,5,5031,Craighead County,13,35.842388,-90.679988,27860,"Jonesboro, AR",1,308,"Jonesboro-Paragould, AR",501,5036,5020,2023-2024,Arkansas State,Sun Belt,Sun Belt,1207619,7347777,1178133,6169644
-85.488258,32.599378,11,100858,Auburn University,M,Auburn,AL,36849,1,1081,Lee County,13,32.599378,-85.488258,12220,"Auburn-Opelika, AL",1,194,"Columbus-Auburn-Opelika, GA-AL",103,1079,1027,2023-2024,Auburn,SEC,SEC,11588953,70513179,34140396,36372783
-87.354081,36.533319,3339,219602,Austin Peay State University,601 College St,Clarksville,TN,37044,47,47125,Montgomery County,12,36.533319,-87.354081,17300,"Clarksville, TN-KY",1,N,N,4707,47067,47022,2023-2024,Austin Peay State University,ASUN,ASUN,253579,1542908,417101,1125807
-85.409043,40.203431,1110,150136,Ball State University,2000 W. University Ave,Muncie,IN,47306,18,18035,Delaware County,13,40.203431,-85.409043,34620,"Muncie, IN",1,294,"Indianapolis-Carmel-Muncie, IN",1805,18034,18026,2023-2024,Ball State,MAC,MAC,341183,2075931,795202,1280729
-116.203301,43.604284,932,142115,Boise State University,1910 University Dr,Boise,ID,83725,16,16001,Ada County,12,43.604284,-116.203301,14260,"Boise City, ID",1,147,"Boise City-Mountain Home-Ontario, ID-OR",1602,16018,16018,2023-2024,Boise State,MW,MW,2765657,16827686,7226105,9601581
-83.640896,41.375513,2719,201441,Bowling Green State University-Main Campus,220 McFall Ctr,Bowling Green,OH,43403,39,39173,Wood County,31,41.375513,-83.640896,45780,"Toledo, OH",1,N,N,3905,39075,39002,2023-2024,Bowling Green,MAC,MAC,670821,4081620,1201307,2880313
-122.260463,37.871918,245,110635,University of California-Berkeley,200 California Hall,Berkeley,CA,94720,6,6001,Alameda County,12,37.871918,-122.260463,41860,"San Francisco-Oakland-Fremont, CA",1,488,"San Jose-San Francisco-Oakland, CA",612,6014,6007,2023-2024,California,Pac-12,ACC,3932903,23929814,8073384,15856430
-81.200889,28.602159,701,132903,University of Central Florida,4000 Central Florida Blvd,Orlando,FL,32816,12,12095,Orange County,21,28.602159,-81.200889,36740,"Orlando-Kissimmee-Sanford, FL",1,422,"Orlando-Lakeland-Deltona, FL",1210,12037,12017,2023-2024,Central Florida,AAC,Big-12,3308993,20133624,5782943,14350681
-84.51428,39.131159,2736,201885,University of Cincinnati-Main Campus,2624 Clifton Avenue,Cincinnati,OH,45221-0063,39,39061,Hamilton County,11,39.131159,-84.51428,17140,"Cincinnati, OH-KY-IN",1,178,"Cincinnati-Wilmington, OH-KY-IN",3901,39025,39009,2023-2024,Cincinnati,AAC,Big-12,3984845,24245856,9631998,14613858
-82.835114,34.679381,3264,217882,Clemson University,201 Sikes Hall,Clemson,SC,29634,45,45077,Pickens County,22,34.679381,-82.835114,24860,"Greenville-Anderson-Greer, SC",1,273,"Greenville-Spartanburg-Anderson, SC",4503,45003,45001,2023-2024,Clemson,ACC,ACC,15258374,92839831,31980356,60859475
-79.011767,33.794995,3296,218724,Coastal Carolina University,103 Tom Trout Drive,Conway,SC,29526,45,45051,Horry County,13,33.794995,-79.011767,34820,"Myrtle Beach-Conway-North Myrtle Beach, SC",1,396,"Myrtle Beach-Conway, SC",4507,45061,45033,2023-2024,Coastal Carolina,Sun Belt,Sun Belt,367676,2237128,1306549,930579
-105.270823,40.008781,561,126614,University of Colorado Boulder,Regent Drive at Broadway,Boulder,CO,80309-0017,8,8013,Boulder County,12,40.008781,-105.270823,14500,"Boulder, CO",1,216,"Denver-Aurora-Greeley, CO",802,8010,8018,2023-2024,Colorado,Pac-12,Big 12,5337719,32477439,19175198,13302241
-105.080732,40.574805,569,126818,Colorado State University-Fort Collins,102 Administration Building,Fort Collins,CO,80523-0100,8,8069,Larimer County,12,40.574805,-105.080732,22660,"Fort Collins-Loveland, CO",1,N,N,802,8053,8014,2023-2024,Colorado State,MW,MW,2586300,15736383,4742234,10994149
-77.368291,35.607186,2583,198464,East Carolina University,East 5th Street,Greenville,NC,27858-4353,37,37147,Pitt County,13,35.607186,-77.368291,24780,"Greenville, NC",1,274,"Greenville-Washington, NC",3701,37008,37005,2023-2024,East Carolina,AAC,AAC,2887971,17571910,5807897,11764013
-84.300796,37.740845,1351,156620,Eastern Kentucky University,521 Lancaster Ave,Richmond,KY,40475-3102,21,21151,Madison County,32,37.740845,-84.300796,40080,"Richmond-Berea, KY",2,336,"Lexington-Fayette--Richmond--Frankfort, KY",2106,21081,21034,2023-2024,Eastern Kentucky University,ASUN,ASUN,161551,982959,296858,686101
-82.347911,29.64629,728,134130,University of Florida,Tigert Hall,Gainesville,FL,32611,12,12001,Alachua County,12,29.64629,-82.347911,23540,"Gainesville, FL",1,264,"Gainesville-Lake City, FL",1203,12022,12006,2023-2024,Florida,SEC,SEC,15802237,96148974,34784702,61364272
-80.102978,26.372421,712,133669,Florida Atlantic University,"777 Glades Rd, Administration Bldg., Room 339",Boca Raton,FL,33431-0991,12,12099,Palm Beach County,13,26.372421,-80.102978,33100,"Miami-Fort Lauderdale-West Palm Beach, FL",1,370,"Miami-Port St. Lucie-Fort Lauderdale, FL",1223,12091,12026,2023-2024,Florida Atlantic,AAC,AAC,1308349,7960674,1112409,6848265
-81.7726,26.463638,4691,433660,Florida Gulf Coast University,10501 Fgcu Blvd S,Fort Myers,FL,33965-6565,12,12071,Lee County,21,26.463638,-81.7726,15980,"Cape Coral-Fort Myers, FL",1,163,"Cape Coral-Fort Myers-Naples, FL",1219,12077,12028,2023-2024,Florida Gulf Coast University,ASUN,ASUN,757497,4609004,825822,3783182
-80.373928,25.75732,721,133951,Florida International University,11200 S. W. 8 Street,Miami,FL,33199,12,12086,Miami-Dade County,21,25.75732,-80.373928,33100,"Miami-Fort Lauderdale-West Palm Beach, FL",1,370,"Miami-Port St. Lucie-Fort Lauderdale, FL",1228,12116,12040,2023-2024,Florida International,CUSA,CUSA,229930,1399013,774837,624176
-84.295064,30.443147,727,134097,Florida State University,222 S. Copeland Street,Tallahassee,FL,32306-1037,12,12073,Leon County,12,30.443147,-84.295064,45220,"Tallahassee, FL",1,533,"Tallahassee-Bainbridge, FL-GA",1202,12009,12003,2023-2024,Florida State,ACC,ACC,10034191,61053203,18773797,42279406
-119.744569,36.811154,238,110556,California State University-Fresno,5241 N Maple Ave,Fresno,CA,93740,6,6019,Fresno County,11,36.811154,-119.744569,23420,"Fresno, CA",1,260,"Fresno-Hanford-Corcoran, CA",620,6008,6012,2023-2024,Fresno State,MW,MW,2102800,12794521,5914738,6879783
-77.307063,38.83195,3681,232186,George Mason University,4400 University Dr,Fairfax,VA,22030-4444,51,51059,Fairfax County,21,38.83195,-77.307063,47900,"Washington-Arlington-Alexandria, DC-VA-MD-WV",1,548,"Washington-Baltimore-Arlington, DC-MD-VA-WV-PA",5111,51011,51035,2023-2024,George Mason University,A10,A10,612537,3726993,617434,3109559
-83.374039,33.956262,881,139959,University of Georgia,Administration Building,Athens,GA,30602,13,13059,Clarke County,12,33.956262,-83.374039,12020,"Athens-Clarke County, GA",1,122,"Atlanta--Athens-Clarke County--Sandy Springs, GA-AL",1310,13122,13046,2023-2024,Georgia,SEC,SEC,18326566,111508298,37192353,74315945
-81.784045,32.426153,879,139931,Georgia Southern University,1332 Southern Drive,Statesboro,GA,30460-8126,13,13031,Bulloch County,32,32.426153,-81.784045,44340,"Statesboro, GA",2,496,"Savannah-Hinesville-Statesboro, GA",1312,13160,13004,2023-2024,Georgia Southern,Sun Belt,Sun Belt,844462,5138145,1999550,3138595
-84.38667,33.7527,880,139940,Georgia State University,33 Gilmer St,Atlanta,GA,30303-3083,13,13121,Fulton County,11,33.7527,-84.38667,12060,"Atlanta-Sandy Springs-Roswell, GA",1,122,"Atlanta--Athens-Clarke County--Sandy Springs, GA-AL",1305,13059,13036,2023-2024,Georgia State,Sun Belt,Sun Belt,781177,4753087,606809,4146278
-84.394832,33.77242,876,139755,Georgia Institute of Technology-Main Campus,225 North Ave,Atlanta,GA,30332-0530,13,13121,Fulton County,11,33.77242,-84.394832,12060,"Atlanta-Sandy Springs-Roswell, GA",1,122,"Atlanta--Athens-Clarke County--Sandy Springs, GA-AL",1305,13056,13039,2023-2024,Georgia Tech,ACC,ACC,4281809,26052739,12303309,13749430
-92.713245,32.523797,1408,159009,Grambling State University,403 Main Street,Grambling,LA,71245,22,22061,Lincoln Parish,32,32.523797,-92.713245,40820,"Ruston, LA",2,384,"Monroe-Ruston, LA",2205,22011,22029,2023-2024,Grambling State University,SWAC,SWAC,203964,1241020,763192,477828
-95.343537,29.720393,3497,225511,University of Houston,"4302 University Drive, Room 212",Houston,TX,77204-2018,48,48201,Harris County,11,29.720393,-95.343537,26420,"Houston-Pasadena-The Woodlands, TX",1,288,"Houston-Pasadena, TX",4818,48147,48013,2023-2024,Houston,AAC,Big-12,2098333,12767342,5191579,7575763
-88.229114,40.104718,1006,145637,University of Illinois Urbana-Champaign,601 E John Street,Champaign,IL,61820-5711,17,17019,Champaign County,13,40.104718,-88.229114,16580,"Champaign-Urbana, IL",1,169,"Champaign-Urbana-Danville, IL",1713,17103,17052,2023-2024,Illinois,Big Ten,Big Ten,9311667,56656994,15693517,40963477
-88.990058,40.509403,1012,145813,Illinois State University,North and School Streets,Normal,IL,61790-1000,17,17113,McLean County,22,40.509403,-88.990058,14010,"Bloomington, IL",1,145,"Bloomington-Pontiac, IL",1717,17091,17046,2023-2024,Illinois State University,MVC,MVC,382828,2329322,1426063,903259
-86.526559,39.16609,1161,151351,Indiana University-Bloomington,107 South Indiana Ave.,Bloomington,IN,47405-7000,18,18105,Monroe County,13,39.16609,-86.526559,14020,"Bloomington, IN",1,144,"Bloomington-Bedford, IN",1809,18061,18040,2023-2024,Indiana,Big Ten,Big Ten,13631160,82939020,21278997,61660023
-87.407846,39.469073,1158,151324,Indiana State University,210 N 7th St,Terre Haute,IN,47809,18,18167,Vigo County,13,39.469073,-87.407846,45460,"Terre Haute, IN",1,N,N,1808,18043,18038,2023-2024,Indiana State University,MVC,MVC,524475,3191177,348145,2843032
-85.108962,41.117278,1153,151102,Purdue University Fort Wayne,2101 E Coliseum Blvd,Fort Wayne,IN,46805-1499,18,18003,Allen County,11,41.117278,-85.108962,23060,"Fort Wayne, IN",1,258,"Fort Wayne-Huntington-Auburn, IN",1803,18084,18015,2023-2024,Indiana-Purdue Univ- Fort Wayne,Horizon,Horizon,213519,1299159,78078,1221081
-91.536425,41.661935,1228,153658,University of Iowa,101 Jessup Hall,Iowa City,IA,52242-1316,19,19103,Johnson County,13,41.661935,-91.536425,26980,"Iowa City, IA",1,168,"Cedar Rapids-Iowa City, IA",1901,19090,19045,2023-2024,Iowa,Big Ten,Big Ten,9698730,59012087,26416829,32595258
-93.648504,42.026212,1225,153603,Iowa State University,1750 Beardshear Hall,Ames,IA,50011-2103,19,19169,Story County,13,42.026212,-93.648504,11180,"Ames, IA",1,218,"Des Moines-West Des Moines-Ames, IA",1904,19049,19025,2023-2024,Iowa State,Big 12,Big 12,7551312,45946084,22909710,23036374
-78.870484,38.436311,3687,232423,James Madison University,800 South Main Street,Harrisonburg,VA,22807,51,51660,Harrisonburg city,13,38.436311,-78.870484,25500,"Harrisonburg, VA",1,277,"Harrisonburg-Staunton-Stuarts Draft, VA",5106,51034,51002,2023-2024,James Madison,Sun Belt,Sun Belt,1207786,7348797,3564462,3784335
-95.247567,38.958549,1301,155317,University of Kansas,"Strong Hall, 1450 Jayhawk Blvd, Room 230",Lawrence,KS,66045,20,20045,Douglas County,13,38.958549,-95.247567,29940,"Lawrence, KS",1,312,"Kansas City-Overland Park-Kansas City, MO-KS",2001,20046,20002,2023-2024,Kansas,Big 12,Big 12,7427957,45195526,17933864,27261662
-96.581077,39.188648,1305,155399,Kansas State University,"919 Mid-Campus Drive, Anderson Hall",Manhattan,KS,66506,20,20161,Riley County,13,39.188648,-96.581077,31740,"Manhattan, KS",1,N,N,2001,20066,20022,2023-2024,Kansas State,Big 12,Big 12,7121436,43330498,15221310,28109188
-84.583052,34.038807,6084,486840,Kennesaw State University,1000 Chastain Rd,Kennesaw,GA,30144,13,13067,Cobb County,21,34.038807,-84.583052,12060,"Atlanta-Sandy Springs-Roswell, GA",1,122,"Atlanta--Athens-Clarke County--Sandy Springs, GA-AL",1311,13035,13037,2023-2024,Kennesaw State University,ASUN,CUSA,362703,2206872,635600,1571272
-84.504747,38.038911,1366,157085,University of Kentucky,South Limestone,Lexington,KY,40506-0032,21,21067,Fayette County,11,38.038911,-84.504747,30460,"Lexington-Fayette, KY",1,336,"Lexington-Fayette--Richmond--Frankfort, KY",2106,21075,21013,2023-2024,Kent State,MAC,MAC,160201,974748,313217,661531
-94.072244,30.042738,3506,226091,Lamar University,4400 MLK Blvd,Beaumont,TX,77705,48,48245,Jefferson County,12,30.042738,-94.072244,13140,"Beaumont-Port Arthur, TX",1,N,N,4814,48022,48003,2023-2024,Kentucky,SEC,SEC,11254204,68476390,40538111,27938279
-78.396987,37.297975,3690,232566,Longwood University,201 High St,Farmville,VA,23909,51,51147,Prince Edward County,32,37.297975,-78.396987,N,N,0,N,N,5105,51050,51010,2023-2024,Lamar University,Southland,Southland,284546,1731323,475090,1256233
-92.020165,30.212191,1452,160658,University of Louisiana at Lafayette,104 University Circle,Lafayette,LA,70503,22,22055,Lafayette Parish,12,30.212191,-92.020165,29180,"Lafayette, LA",1,318,"Lafayette-New Iberia-Opelousas, LA",2203,22044,22023,2023-2024,Longwood University,Big South,Big South,195164,1187479,74200,1113279
-85.760412,38.216862,1370,157289,University of Louisville,2301 S 3rd St,Louisville,KY,40292-0001,21,21111,Jefferson County,11,38.216862,-85.760412,31140,"Louisville/Jefferson County, KY-IN",1,350,"Louisville/Jefferson County--Elizabethtown, KY-IN",2103,21042,21035,2023-2024,Louisiana-Lafayette,Sun Belt,Sun Belt,1284835,7817600,2411959,5405641
-91.178921,30.414986,1414,159391,Louisiana State University and Agricultural & Mechanical College,156 Thomas Boyd Hall,Baton Rouge,LA,70803-2750,22,22033,East Baton Rouge Parish,12,30.414986,-91.178921,12940,"Baton Rouge, LA",1,132,"Baton Rouge-Hammond, LA",2206,22067,22014,2023-2024,Louisville,ACC,ACC,9443439,57458760,27045669,30413091
-82.428964,38.422482,3844,237525,Marshall University,1 John Marshall Dr,Huntington,WV,25755,54,54011,Cabell County,13,38.422482,-82.428964,26580,"Huntington-Ashland, WV-KY-OH",1,170,"Charleston-Huntington-Ashland, WV-OH-KY",5401,54025,54005,2023-2024,LSU,SEC,SEC,20137141,122524769,46594942,75929827
-76.944721,38.988178,1519,163286,University of Maryland-College Park,M,College Park,MD,20742,24,24033,Prince George's County,21,38.988178,-76.944721,47900,"Washington-Arlington-Alexandria, DC-VA-MD-WV",1,548,"Washington-Baltimore-Arlington, DC-MD-VA-WV-PA",2404,24021,24021,2023-2024,Marshall,Sun Belt,Sun Belt,1462900,8901037,2946763,5954274
-93.217222,30.178187,1424,159717,McNeese State University,4205 Ryan St,Lake Charles,LA,70605,22,22019,Calcasieu Parish,13,30.178187,-93.217222,29340,"Lake Charles, LA",1,324,"Lake Charles-DeRidder, LA",2203,22036,22025,2023-2024,Maryland,Big Ten,Big Ten,3735112,22726352,12735792,9990560
-89.938068,35.118878,3392,220862,University of Memphis,Alumni Avenue,Memphis,TN,38152,47,47157,Shelby County,11,35.118878,-89.938068,32820,"Memphis, TN-MS-AR",1,368,"Memphis-Clarksdale-Forrest City, TN-MS-AR",4709,47091,47033,2023-2024,McNeese State University,Southland,Southland,519547,3161193,897853,2263340
-83.73481,42.278374,1735,170976,University of Michigan-Ann Arbor,1109 Geddes Avenue,Ann Arbor,MI,48109,26,26161,Washtenaw County,12,42.278374,-83.73481,11460,"Ann Arbor, MI",1,220,"Detroit-Warren-Ann Arbor, MI",2606,26023,26015,2023-2024,Memphis,AAC,AAC,2634877,16031952,10253609,5778343
-84.476111,42.73212,1737,171100,Michigan State University,M,East Lansing,MI,48824-1046,26,26065,Ingham County,13,42.73212,-84.476111,29620,"Lansing-East Lansing, MI",1,330,"Lansing-East Lansing-Owosso, MI",2607,26073,26028,2023-2024,Michigan,Big Ten,Big Ten,16357054,99524766,55266135,44258631
-93.235464,44.972851,1821,174066,University of Minnesota-Twin Cities,100 Church Street SE,Minneapolis,MN,55455-0213,27,27053,Hennepin County,11,44.972851,-93.235464,33460,"Minneapolis-St. Paul-Bloomington, MN-WI",1,378,"Minneapolis-St. Paul, MN-WI",2705,2760B,27060,2023-2024,Michigan State,Big Ten,Big Ten,13035471,79314544,25178673,54135871
-89.537434,34.365529,1891,176017,University of Mississippi,"Oxford, Mississippi",University,MS,38677-1848,28,28071,Lafayette County,33,34.365529,-89.537434,37060,"Oxford, MS",2,N,N,2801,28012,28009,2023-2024,Minnesota,Big Ten,Big Ten,7171424,43634648,19252536,24382112
-88.790139,33.454852,1898,176080,Mississippi State University,Lee Boulevard,Mississippi State,MS,39762,28,28105,Oktibbeha County,33,33.454852,-88.790139,44260,"Starkville, MS",2,523,"Starkville-Columbus, MS",2803,28043,28015,2023-2024,Mississippi,SEC,SEC,8872378,53984130,19574652,34409478
-92.328843,38.94531,2008,178396,University of Missouri-Columbia,105 Jesse Hall,Columbia,MO,65211,29,29019,Boone County,12,38.94531,-92.328843,17860,"Columbia, MO",1,190,"Columbia-Jefferson City-Moberly, MO",2903,29045,29019,2023-2024,Mississippi State,SEC,SEC,6467166,39349578,16737350,22612228
-111.048812,45.666726,2066,180461,Montana State University,Montana State University,Bozeman,MT,59717,30,30031,Gallatin County,13,45.666726,-111.048812,14580,"Bozeman, MT",1,N,N,3001,30063,30032,2023-2024,Missouri,SEC,SEC,7146859,43485183,13929479,29555704
-88.323629,36.612419,1376,157401,Murray State University,218 Wells Hall,Murray,KY,42071-3318,21,21035,Calloway County,32,36.612419,-88.323629,34660,"Murray, KY",2,N,N,2101,21005,21001,2023-2024,Montana State University,Big Sky,Big Sky,1553594,9452866,4436089,5016777
-96.700508,40.817598,2094,181464,University of Nebraska-Lincoln,1400 R Street,Lincoln,NE,68588-0419,31,31109,Lancaster County,11,40.817598,-96.700508,30700,"Lincoln, NE",1,339,"Lincoln-Beatrice, NE",3101,N,31046,2023-2024,Murray State University,MVC,MVC,409722,2492963,1273984,1218979
-119.815377,39.543642,2111,182290,University of Nevada-Reno,1664 North Virginia Street,Reno,NV,89557,32,32031,Washoe County,11,39.543642,-119.815377,39900,"Reno, NV",1,456,"Reno-Carson City-Gardnerville Ranchos, NV-CA",3202,32024,32013,2023-2024,Nebraska,Big Ten,Big Ten,7973918,48517435,38946701,9570734
-115.138462,36.106047,2110,182281,University of Nevada-Las Vegas,4505 S Maryland Pky,Las Vegas,NV,89154,32,32003,Clark County,12,36.106047,-115.138462,29820,"Las Vegas-Henderson-North Las Vegas, NV",1,332,"Las Vegas-Henderson, NV",3201,32015,32010,2023-2024,Nevada,MW,MW,2000558,12172431,7325678,4846753
-106.620155,35.083868,2240,187985,University of New Mexico-Main Campus,1700 Lomas Blvd NE,Albuquerque,NM,87131,35,35001,Bernalillo County,11,35.083868,-106.620155,10740,"Albuquerque, NM",1,105,"Albuquerque-Santa Fe-Los Alamos, NM",3501,35018,35016,2023-2024,Nevada-Las Vegas,MW,MW,2772864,16871536,7034986,9836550
-106.752069,32.281568,2244,188030,New Mexico State University-Main Campus,2850 Weddell Street,Las Cruces,NM,88003-8001,35,35013,Doña Ana County,22,32.281568,-106.752069,29740,"Las Cruces, NM",1,238,"El Paso-Las Cruces, TX-NM",3502,35033,35038,2023-2024,New Mexico,MW,MW,1776472,10808972,4510754,6298218
-79.050969,35.911769,2626,199120,University of North Carolina at Chapel Hill,103 South Bldg Cb 9100,Chapel Hill,NC,27599,37,37135,Orange County,13,35.911769,-79.050969,20500,"Durham-Chapel Hill, NC",1,450,"Raleigh-Durham-Cary, NC",3704,37056,37023,2023-2024,New Mexico State,CUSA,CUSA,680038,4137703,1465012,2672691
-78.674517,35.785111,2632,199193,North Carolina State University at Raleigh,2101 Hillsborough Street,Raleigh,NC,27695-7001,37,37183,Wake County,11,35.785111,-78.674517,39580,"Raleigh-Cary, NC",1,450,"Raleigh-Durham-Cary, NC",3702,37011,37015,2023-2024,North Carolina,ACC,ACC,8355617,50839894,30224001,20615893
-96.800838,46.893127,2694,200332,North Dakota State University-Main Campus,1301  12th Avenue North,Fargo,ND,58108-6050,38,38017,Cass County,12,46.893127,-96.800838,22020,"Fargo, ND-MN",1,244,"Fargo-Wahpeton, ND-MN",3800,38045,38045,2023-2024,North Carolina State,ACC,ACC,5935429,36114218,21214362,14899856
-97.148422,33.211178,3529,227216,University of North Texas,1501 W.Chestnut Ave.,Denton,TX,76203-1277,48,48121,Denton County,12,33.211178,-97.148422,19100,"Dallas-Fort Worth-Arlington, TX",1,206,"Dallas-Fort Worth, TX-OK",4813,48064,48030,2023-2024,North Dakota State University,Summit,Summit,2070608,12598652,5961999,6636653
-88.766428,41.933869,1058,147703,Northern Illinois University,1425 W. Lincoln Hwy.,Dekalb,IL,60115-2828,17,17037,DeKalb County,23,41.933869,-88.766428,16980,"Chicago-Naperville-Elgin, IL-IN",1,176,"Chicago-Naperville, IL-IN-WI",1714,17076,17038,2023-2024,North Texas,AAC,AAC,607493,3696302,1337778,2358524
-84.463483,39.029714,1378,157447,Northern Kentucky University,Nunn Drive,Highland Heights,KY,41099,21,21037,Campbell County,21,39.029714,-84.463483,17140,"Cincinnati, OH-KY-IN",1,178,"Cincinnati-Wilmington, OH-KY-IN",2104,21067,21024,2023-2024,Northern Illinois,MAC,MAC,506195,3079952,495563,2584389
-93.097797,31.750666,1430,160038,Northwestern State University of Louisiana,175 Sam Sibley Drive,Natchitoches,LA,71497-0002,22,22069,Natchitoches Parish,33,31.750666,-93.097797,35060,"Natchitoches, LA",2,N,N,2204,22022,22029,2023-2024,Northern Kentucky University,Horizon,Horizon,272399,1657416,242279,1415137
-83.007525,39.999803,2836,204796,Ohio State University-Main Campus,15 E. 15th Avenue,Columbus,OH,43201,39,39049,Franklin County,11,39.999803,-83.007525,18140,"Columbus, OH",1,198,"Columbus-Marion-Zanesville, OH",3903,39007,39025,2023-2024,Northwestern State University,Southland,Southland,295595,1798555,215433,1583122
-82.100985,39.326798,2841,204857,Ohio University-Main Campus,020 Chubb Hall,Athens,OH,45701-2979,39,39009,Athens County,32,39.326798,-82.100985,11900,"Athens, OH",2,198,"Columbus-Marion-Zanesville, OH",3912,39094,39030,2023-2024,Ohio State,Big Ten,Big Ten,20253400,123232149,59649921,63582228
-97.444211,35.209407,2924,207500,University of Oklahoma-Norman Campus,660 Parrington Oval,Norman,OK,73019-3072,40,40027,Cleveland County,22,35.209407,-97.444211,36420,"Oklahoma City, OK",1,416,"Oklahoma City-Shawnee, OK",4004,40044,40016,2023-2024,Ohio University,MAC,MAC,509427,3099615,1234040,1865575
-97.069743,36.123085,2919,207388,Oklahoma State University-Main Campus,107 Whitehurst,Stillwater,OK,74078-1015,40,40119,Payne County,32,36.123085,-97.069743,44660,"Stillwater, OK",2,N,N,4003,40034,40021,2023-2024,Oklahoma,Big 12,SEC,14817595,90157905,46977771,43180134
-76.30666,36.886418,3706,232982,Old Dominion University,5115 Hampton Blvd,Norfolk,VA,23529,51,51710,Norfolk city,12,36.886418,-76.30666,47260,"Virginia Beach-Chesapeake-Norfolk, VA-NC",1,545,"Virginia Beach-Chesapeake, VA-NC",5103,51092,51021,2023-2024,Oklahoma State,Big 12,Big 12,5338583,32482697,12882021,19600676
-123.075792,44.045146,2974,209551,University of Oregon,110 Johnson Hall,Eugene,OR,97403,41,41039,Lane County,12,44.045146,-123.075792,21660,"Eugene-Springfield, OR",1,N,N,4104,41008,41004,2023-2024,Old Dominion,Sun Belt,Sun Belt,2389384,14538249,2493640,12044609
-123.274723,44.56395,2973,209542,Oregon State University,1500 SW Jefferson Avenue,Corvallis,OR,97331,41,41003,Benton County,13,44.56395,-123.274723,18700,"Corvallis, OR",1,440,"Portland-Vancouver-Salem, OR-WA",4104,41016,41008,2023-2024,Oregon,Pac-12,Big Ten,10623807,64640729,24357945,40282784
-77.862848,40.7965,3146,214777,Pennsylvania State University-Main Campus,201 Old Main,University Park,PA,16802-1503,42,42027,Centre County,13,40.7965,-77.862848,44300,"State College, PA",1,524,"State College-DuBois, PA",4215,42082,42025,2023-2024,Oregon State,Pac-12,Pac-12,3163423,19247899,9447886,9800013
-86.928449,40.45655,6215,489779,Purdue University Global,"2550 Northwestern Avenue, Suite 1100",West Lafayette,IN,47906,18,18157,Tippecanoe County,13,40.45655,-86.928449,29200,"Lafayette-West Lafayette, IN",1,320,"Lafayette-West Lafayette-Frankfort, IN",1804,18026,18023,2023-2024,Penn State,Big Ten,Big Ten,13793489,83926716,44678657,39248059
-74.446251,40.498769,2208,186380,Rutgers University-New Brunswick,83 Somerset St,New Brunswick,NJ,08901-1281,34,34023,Middlesex County,13,40.498769,-74.446251,35620,"New York-Newark-Jersey City, NY-NJ",1,408,"New York-Newark, NY-NJ-CT-PA",3406,34017,34017,2023-2024,Purdue,Big Ten,Big Ten,5510579,33529207,16617614,16911593
-95.546205,30.714738,3549,227881,Sam Houston State University,1806 Ave J,Huntsville,TX,77340,48,48471,Walker County,32,30.714738,-95.546205,26660,"Huntsville, TX",2,288,"Houston-Pasadena, TX",4817,48012,48005,2023-2024,Rutgers,Big Ten,Big Ten,3624816,22055252,13049333,9005919
-117.071228,32.77525,472,122409,San Diego State University,5500 Campanile Dr,San Diego,CA,92182-0001,6,6073,San Diego County,11,32.77525,-117.071228,41740,"San Diego-Chula Vista-Carlsbad, CA",1,N,N,651,6078,6039,2023-2024,Sam Houston State,CUSA,CUSA,238669,1452185,307512,1144673
-121.880621,37.336569,486,122755,San Jose State University,One Washington Square,San Jose,CA,95192-0001,6,6085,Santa Clara County,11,37.336569,-121.880621,41940,"San Jose-Sunnyvale-Santa Clara, CA",1,488,"San Jose-San Francisco-Oakland, CA",618,6025,6015,2023-2024,San Diego State,MW,MW,4158476,25302315,5624459,19677856
-88.178711,30.696033,48,102094,University of South Alabama,307 N University Blvd,Mobile,AL,36688-0002,1,1097,Mobile County,12,30.696033,-88.178711,33660,"Mobile, AL",1,380,"Mobile-Daphne-Fairhope, AL",101,1101,1034,2023-2024,San Jose State,MW,MW,1001536,6093864,608561,5485303
-81.026935,33.996788,3291,218663,University of South Carolina-Columbia,Columbia-Campus,Columbia,SC,29208,45,45079,Richland County,12,33.996788,-81.026935,17900,"Columbia, SC",1,192,"Columbia-Sumter-Orangeburg, SC",4506,45072,45026,2023-2024,South Alabama,Sun Belt,Sun Belt,479267,2916110,1176270,1739840
-82.413232,28.061458,809,137351,University of South Florida,4202 East Fowler Ave,Tampa,FL,33620-9951,12,12057,Hillsborough County,11,28.061458,-82.413232,45300,"Tampa-St. Petersburg-Clearwater, FL",1,N,N,1215,12067,12016,2023-2024,South Carolina,SEC,SEC,9554700,58135731,24301862,33833869
-81.508667,27.56974,808,137315,South Florida State College,600 W College Dr,Avon Park,FL,33825-9356,12,12055,Highlands County,23,27.56974,-81.508667,42700,"Sebring, FL",1,N,N,1218,12083,12029,2023-2024,South Florida,AAC,AAC,2235939,13604611,6485854,7118757
-89.217273,37.714193,1091,149222,Southern Illinois University-Carbondale,Lincoln Drive,Carbondale,IL,62901-4512,17,17077,Jackson County,32,37.714193,-89.217273,16060,"Carbondale, IL",2,166,"Carbondale-Marion-Herrin, IL",1712,17118,17059,2023-2024,Southern Illinois University,MVC,MVC,524242,3189757,1074469,2115288
-89.331236,31.32661,1907,176372,University of Southern Mississippi,118 College Drive # 0001,Hattiesburg,MS,39406-0001,28,28035,Forrest County,13,31.32661,-89.331236,25620,"Hattiesburg, MS",1,279,"Hattiesburg-Laurel, MS",2804,28102,28045,2023-2024,Southern Mississippi,Sun Belt,Sun Belt,1500334,9128806,3324383,5804423
-94.64908,31.621056,3569,228431,Stephen F Austin State University,"2008 Alumni Drive, Rusk 206",Nacogdoches,TX,75961,48,48347,Nacogdoches County,33,31.621056,-94.64908,34860,"Nacogdoches, TX",2,N,N,4817,48011,48003,2023-2024,Stephen F Austin State University,WAC,WAC,427846,2603236,558338,2044898
-73.12046,40.91476,2500,196097,Stony Brook University,310 Administration Building,Stony Brook,NY,11794-0701,36,36103,Suffolk County,21,40.91476,-73.12046,35620,"New York-Newark-Jersey City, NY-NJ",1,408,"New York-Newark, NY-NJ-CT-PA",3601,36004,36001,2023-2024,Stony Brook University,CAA,CAA,224341,1365006,572319,792687
-98.219039,32.217805,3574,228529,Tarleton State University,1333 W. Washington,Stephenville,TX,76401-0000,48,48143,Erath County,33,32.217805,-98.219039,44500,"Stephenville, TX",2,N,N,4825,48059,48022,2023-2024,Tarleton State University,WAC,WAC,281304,1711601,604450,1107151
-83.925852,35.952082,3421,221759,The University of Tennessee-Knoxville,527 Andy Holt Tower,Knoxville,TN,37996,47,47093,Knox County,12,35.952082,-83.925852,28940,"Knoxville, TN",1,315,"Knoxville-Morristown-Sevierville, TN",4702,47015,47007,2023-2024,Tennessee,SEC,SEC,11602164,70593563,35110289,35483274
-97.738273,30.282825,3586,228778,The University of Texas at Austin,110 Inner Campus Drive,Austin,TX,78705,48,48453,Travis County,11,30.282825,-97.738273,12420,"Austin-Round Rock-San Marcos, TX",1,N,N,4837,48049,48014,2023-2024,Texas,Big 12,SEC,22272474,135517239,57543166,77974073
-97.32395,27.713723,3465,224147,Texas A & M University-Corpus Christi,6300 Ocean Dr.,Corpus Christi,TX,78412-5503,48,48355,Nueces County,11,27.713723,-97.32395,18580,"Corpus Christi, TX",1,204,"Corpus Christi-Kingsville-Alice, TX",4827,48032,48020,2023-2024,Texas A & M - Corpus Christi,Southland,Southland,118556,721355,210723,510632
-96.336475,30.618726,3582,228723,Texas A & M University-College Station,1246 TAMU,College Station,TX,77843-1246,48,48041,Brazos County,12,30.618726,-96.336475,17780,"College Station-Bryan, TX",1,N,N,4810,48014,48005,2023-2024,Texas A&M,SEC,SEC,17228714,104828397,50624287,54204110
-97.943029,29.888885,3570,228459,Texas State University,601 University Dr,San Marcos,TX,78666,48,48209,Hays County,13,29.888885,-97.943029,12420,"Austin-Round Rock-San Marcos, TX",1,N,N,4835,48045,48021,2023-2024,Texas State,Sun Belt,Sun Belt,599058,3644980,1191968,2453012
-101.874783,33.583448,3599,229115,Texas Tech University,Broadway and University Avenue,Lubbock,TX,79409-5005,48,48303,Lubbock County,11,33.583448,-101.874783,31180,"Lubbock, TX",1,352,"Lubbock-Plainview, TX",4819,48084,48028,2023-2024,Texas Tech,Big 12,Big 12,6986182,42507539,13560519,28947020
-106.504098,31.77015,3588,228796,The University of Texas at El Paso,500 W. University Ave,El Paso,TX,79968-0691,48,48141,El Paso County,11,31.77015,-106.504098,21340,"El Paso, TX",1,238,"El Paso-Las Cruces, TX-NM",4816,48077,48029,2023-2024,Texas-El Paso,CUSA,CUSA,955659,5814721,2318851,3495870
-98.620657,29.583709,3596,229027,The University of Texas at San Antonio,One UTSA Circle,San Antonio,TX,78249-1644,48,48029,Bexar County,11,29.583709,-98.620657,41700,"San Antonio-New Braunfels, TX",1,484,"San Antonio-New Braunfels-Kerrville, TX",4820,48116,48026,2023-2024,Texas-San Antonio,AAC,AAC,1058313,6439323,3315102,3124221
-83.614714,41.660572,2869,206084,University of Toledo,2801 W Bancroft,Toledo,OH,43606-3390,39,39095,Lucas County,11,41.660572,-83.614714,45780,"Toledo, OH",1,N,N,3909,39043,39011,2023-2024,Toledo,MAC,MAC,928243,5647912,1933429,3714483
-76.611164,39.393622,1535,164076,Towson University,8000 York Rd,Towson,MD,21252-0001,24,24005,Baltimore County,13,39.393622,-76.611164,12580,"Baltimore-Columbia-Towson, MD",1,548,"Washington-Baltimore-Arlington, DC-MD-VA-WV-PA",2402,2443B,24043,2023-2024,Towson University,CAA,CAA,411577,2504246,265996,2238250
-85.95802,31.799583,53,102368,Troy University,University Avenue,Troy,AL,36082-0001,1,1109,Pike County,33,31.799583,-85.95802,45980,"Troy, AL",2,N,N,102,1089,1031,2023-2024,Troy,Sun Belt,Sun Belt,386184,2349746,778536,1571210
-118.442179,34.07178,248,110662,University of California-Los Angeles,405 Hilgard Ave,Los Angeles,CA,90095-1405,6,6037,Los Angeles County,11,34.07178,-118.442179,31080,"Los Angeles-Long Beach-Anaheim, CA",1,348,"Los Angeles-Long Beach, CA",636,6051,6024,2023-2024,UCLA,Pac-12,Big Ten,5919423,36016831,17494361,18522470
-80.730919,35.306022,2627,199139,University of North Carolina at Charlotte,9201 University City Blvd,Charlotte,NC,28223-0001,37,37119,Mecklenburg County,11,35.306022,-80.730919,16740,"Charlotte-Concord-Gastonia, NC-SC",1,172,"Charlotte-Concord, NC-SC",3712,37099,37040,2023-2024,UNC Charlotte,AAC,AAC,1570976,9558628,1628183,7930445
-82.565392,35.617068,2625,199111,University of North Carolina Asheville,One University Heights,Asheville,NC,28804-8510,37,37021,Buncombe County,13,35.617068,-82.565392,11700,"Asheville, NC",1,120,"Asheville-Waynesville-Brevard, NC",3711,37116,37049,2023-2024,Univ of North Carolina at Asheville,Big South,Big South,194803,1185280,45071,1140209
-79.809414,36.068236,2628,199148,University of North Carolina at Greensboro,1400 Spring Garden St,Greensboro,NC,27402-6170,37,37081,Guilford County,11,36.068236,-79.809414,24660,"Greensboro-High Point, NC",1,268,"Greensboro--Winston-Salem--High Point, NC",3706,37061,37028,2023-2024,Univ of North Carolina at Greensboro,Southern,Southern,274806,1672059,131664,1540395
-77.875527,34.225223,2634,199218,University of North Carolina Wilmington,601 South College Road,Wilmington,NC,28403-5963,37,37129,New Hanover County,12,34.225223,-77.875527,48900,"Wilmington, NC",1,N,N,3707,37020,37007,2023-2024,Univ of North Carolina Wilmington,CAA,CAA,355627,2163817,652718,1511099
-87.919973,44.532298,3914,240277,University of Wisconsin-Green Bay,2420 Nicolet Dr,Green Bay,WI,54311-7001,55,55009,Brown County,12,44.532298,-87.919973,24580,"Green Bay, WI",1,267,"Green Bay-Shawano, WI",5508,55088,55030,2023-2024,Univ of Wisconsin-Green Bay,Horizon,Horizon,292411,1779182,389835,1389347
-73.824662,42.685489,2497,196060,University at Albany,1400 Washington Avenue,Albany,NY,12222,36,36001,Albany County,12,42.685489,-73.824662,10580,"Albany-Schenectady-Troy, NY",1,104,"Albany-Schenectady, NY",3620,36109,36046,2023-2024,University at Albany,Am East,Am East,202187,1230213,406713,823500
-117.32741,33.97246,249,110671,University of California-Riverside,900 University Ave,Riverside,CA,92521,6,6065,Riverside County,11,33.97246,-117.32741,40140,"Riverside-San Bernardino-Ontario, CA",1,348,"Los Angeles-Long Beach, CA",639,6063,6031,2023-2024,University of California-Riverside,Big West,Big West,76105,463064,54951,408113
-119.846426,34.416297,252,110705,University of California-Santa Barbara,5221 Cheadle Hall,Santa Barbara,CA,93106,6,6083,Santa Barbara County,22,34.416297,-119.846426,42200,"Santa Maria-Santa Barbara, CA",1,N,N,624,6037,6021,2023-2024,University of California-Santa Barbara,Big West,Big West,371000,2257353,231232,2026121
-72.249948,41.809098,619,129020,University of Connecticut,352 Mansfield Road,Storrs,CT,6269,9,9110,Capitol Planning Region,31,41.809098,-72.249948,25540,"Hartford-West Hartford-East Hartford, CT",1,405,"New Haven-Hartford-Waterbury, CT",902,9054,9029,2023-2024,University of Connecticut,Big East,Big East,3839690,23362661,9747824,13614837
-157.818979,21.298598,919,141574,University of Hawaii at Manoa,2500 Campus Road,Honolulu,HI,96822-2217,15,15003,Honolulu County,11,21.298598,-157.818979,46520,"Urban Honolulu, HI",1,N,N,1501,15022,15011,2023-2024,University of Hawaii at Manoa,Big West,Big West,1051850,6399998,1950230,4449768
-87.650503,41.871837,1003,145600,University of Illinois Chicago,601 S Morgan,Chicago,IL,60607,17,17031,Cook County,11,41.871837,-87.650503,16980,"Chicago-Naperville-Elgin, IL-IN",1,176,"Chicago-Naperville, IL-IN-WI",1707,17009,17005,2023-2024,University of Illinois at Chicago,MVC,MVC,115207,700979,102727,598252
-72.526728,42.385999,1602,166629,University of Massachusetts-Amherst,374 Whitmore Building 181 Presidents Drive,Amherst,MA,1003,25,25015,Hampshire County,13,42.385999,-72.526728,11200,"Amherst Town-Northampton, MA",1,521,"Springfield-Amherst Town-Northampton, MA",2502,25058,25D05,2023-2024,University of Massachusetts,A10,A10,743864,4526052,1626956,2899096
-94.582141,39.034179,2009,178402,University of Missouri-Kansas City,5000 Holmes St.,Kansas City,MO,64110,29,29095,Jackson County,11,39.034179,-94.582141,28140,"Kansas City, MO-KS",1,312,"Kansas City-Overland Park-Kansas City, MO-KS",2905,29027,29007,2023-2024,University of Missouri-Kansas City,Summit,Summit,102761,625253,113867,511386
-113.982912,46.859312,2067,180489,The University of Montana,"Missoula, Montana",Missoula,MT,59812,30,30063,Missoula County,13,46.859312,-113.982912,33540,"Missoula, MT",1,N,N,3001,30089,30045,2023-2024,University of Montana,Big Sky,Big Sky,2167846,13190294,6183720,7006574
-96.008516,41.258769,2090,181394,University of Nebraska at Omaha,6001 Dodge St,Omaha,NE,68182-0225,31,31055,Douglas County,11,41.258769,-96.008516,36540,"Omaha, NE-IA",1,420,"Omaha-Fremont, NE-IA",3102,N,31009,2023-2024,University of Nebraska at Omaha,Summit,Summit,556138,3383828,2633319,750509
-87.680407,34.80731,39,101879,University of North Alabama,One Harrison Plaza,Florence,AL,35632-0001,1,1077,Lauderdale County,13,34.80731,-87.680407,22520,"Florence-Muscle Shoals, AL",1,250,"Florence-Muscle Shoals-Russellville, AL",104,1003,1001,2023-2024,University of North Alabama,ASUN,ASUN,303471,1846475,312542,1533933
-104.692777,40.410855,591,127741,University of Northern Colorado,Carter Hall - Rm 4000,Greeley,CO,80639,8,8123,Weld County,12,40.410855,-104.692777,24540,"Greeley, CO",1,216,"Denver-Aurora-Greeley, CO",808,8050,8013,2023-2024,University of Northern Colorado,Big Sky,Big Sky,779260,4741421,522402,4219019
-92.459703,42.514923,1243,154095,University of Northern Iowa,1227 W 27th St,Cedar Falls,IA,50614-0005,19,19013,Black Hawk County,13,42.514923,-92.459703,47940,"Waterloo-Cedar Falls, IA",1,N,N,1902,19075,19038,2023-2024,University of Northern Iowa,MVC,MVC,704682,4287650,1135780,3151870
-71.527356,41.484691,3244,217484,University of Rhode Island,"Green Hall, 35 Campus Avenue",Kingston,RI,2881,44,44009,Washington County,21,41.484691,-71.527356,39300,"Providence-Warwick, RI-MA",1,148,"Boston-Worcester-Providence, MA-RI-NH",4402,44035,44037,2023-2024,University of Rhode Island,A10,A10,561639,3417304,1281600,2135704
-85.300247,35.047519,3420,221740,The University of Tennessee-Chattanooga,615 McCallie Ave,Chattanooga,TN,37403-2598,47,47065,Hamilton County,12,35.047519,-85.300247,16860,"Chattanooga, TN-GA",1,174,"Chattanooga-Cleveland-Dalton, TN-GA-AL",4703,47028,47010,2023-2024,University of Tennessee-Chattanooga,Southern,Southern,549269,3342037,803128,2538909
-111.846044,40.762484,3639,230764,University of Utah,"201 Presidents Circle, ROOM 201",Salt Lake City,UT,84112-9008,49,49035,Salt Lake County,12,40.762484,-111.846044,41620,"Salt Lake City-Murray, UT",1,482,"Salt Lake City-Provo-Orem, UT-ID",4901,49022,49009,2023-2024,Utah,Pac-12,Big 12,7252969,44130809,15286819,28843990
-111.81391,41.740748,3636,230728,Utah State University,Old Main Hill,Logan,UT,84322-1400,49,49005,Cache County,13,41.740748,-111.81391,30860,"Logan, UT-ID",1,N,N,4901,49003,49002,2023-2024,Utah State,MW,MW,1511795,9198542,2718827,6479715
-111.716456,40.281078,3637,230737,Utah Valley University,800 W University Parkway,Orem,UT,84058-5999,49,49049,Utah County,13,40.281078,-111.716456,39340,"Provo-Orem-Lehi, UT",1,482,"Salt Lake City-Provo-Orem, UT-ID",4903,49057,49023,2023-2024,Utah Valley University,WAC,WAC,191396,1164552,224785,939767
-78.503428,38.035665,3750,234076,University of Virginia-Main Campus,1827 University Avenue,Charlottesville,VA,22903-2628,51,51003,Albemarle County,22,38.035665,-78.503428,16820,"Charlottesville, VA",1,N,N,5105,51054,51011,2023-2024,Virginia,ACC,ACC,12780300,77761952,15114983,62646969
-77.452697,37.54962,3749,234030,Virginia Commonwealth University,910 W Franklin St,Richmond,VA,23284-2512,51,51760,Richmond city,12,37.54962,-77.452697,40060,"Richmond, VA",1,N,N,5104,51078,51014,2023-2024,Virginia Commonwealth University,A10,A10,902755,5492825,2132585,3360240
,,,,Virginia Tech,,,,,,,,,,,,,,,,,,,,Virginia Tech,ACC,ACC,7732903,47050980,21168159,25882821
-122.30514,47.65538,3819,236948,University of Washington-Seattle Campus,1400 NE Campus Parkway,Seattle,WA,98195-4550,53,53033,King County,11,47.65538,-122.30514,42660,"Seattle-Tacoma-Bellevue, WA",1,500,"Seattle-Tacoma, WA",5307,53043,53043,2023-2024,Washington,Pac-12,Big Ten,9406794,57235798,29198790,28037008
-117.158168,46.730448,3814,236939,Washington State University,French Administration Building,Pullman,WA,99164-5910,53,53075,Whitman County,32,46.730448,-117.158168,39420,"Pullman, WA",2,446,"Pullman-Moscow, WA-ID",5305,53009,53009,2023-2024,Washington State,Pac-12,Pac-12,3216991,19573838,9299636,10274202
-111.944845,41.192591,3640,230782,Weber State University,3848 Harrison Blvd.,Ogden,UT,84408-1001,49,49057,Weber County,13,41.192591,-111.944845,36260,"Ogden, UT",1,482,"Salt Lake City-Provo-Orem, UT-ID",4901,49010,49005,2023-2024,Weber State University,Big Sky,Big Sky,372994,2269488,617398,1652090
-79.954391,39.634371,3866,238032,West Virginia University,PO Box 6201,Morgantown,WV,26506,54,54061,Monongalia County,13,39.634371,-79.954391,34060,"Morgantown, WV",1,N,N,5402,54079,54013,2023-2024,West Virginia,Big 12,Big 12,5495362,33436624,18763866,14672758
-86.456828,36.985035,1395,157951,Western Kentucky University,1906 College Heights Blvd,Bowling Green,KY,42101-1000,21,21227,Warren County,13,36.985035,-86.456828,14540,"Bowling Green, KY",1,150,"Bowling Green-Glasgow-Franklin, KY",2102,21020,21032,2023-2024,Western Kentucky,CUSA,CUSA,870548,5296863,2281717,3015146
-85.613759,42.282194,1774,172699,Western Michigan University,1903 W Michigan Ave,Kalamazoo,MI,49008-5200,26,26077,Kalamazoo County,13,42.282194,-85.613759,28020,"Kalamazoo-Portage, MI",1,310,"Kalamazoo-Battle Creek-Portage, MI",2604,26041,26019,2023-2024,Western Michigan,MAC,MAC,827015,5031984,1460058,3571926
-97.292361,37.718882,1328,156125,Wichita State University,1845 N. Fairmount,Wichita,KS,67260-0124,20,20173,Sedgwick County,11,37.718882,-97.292361,48620,"Wichita, KS",1,556,"Wichita-Arkansas City-Winfield, KS",2004,20089,20029,2023-2024,Wichita State,AAC,AAC,1972609,12002372,4713121,7289251
-89.404098,43.075409,3923,240444,University of Wisconsin-Madison,500 Lincoln Dr,Madison,WI,53706-1380,55,55025,Dane County,11,43.075409,-89.404098,31540,"Madison, WI",1,357,"Madison-Janesville-Beloit, WI",5502,55077,55026,2023-2024,Wisconsin,Big Ten,Big Ten,8982406,54653602,38117093,16536509
-105.57931,41.311773,3937,240727,University of Wyoming,Corner of Ninth and Ivinson,Laramie,WY,82071,56,56001,Albany County,33,41.311773,-105.57931,29660,"Laramie, WY",2,N,N,5600,56045,56009,2023-2024,Wyoming,MW,MW,2426393,14763429,4084611,10678818
-80.64659,41.104928,2892,206695,Youngstown State University,One University Plaza,Youngstown,OH,44555-0001,39,39099,Mahoning County,13,41.104928,-80.64659,49660,"Youngstown-Warren, OH",1,566,"Youngstown-Warren-Salem, OH",3906,39059,39033,2023-2024,Youngstown State University,Horizon,Horizon,245788,1495499,417712,1077787
